ID,Label
1,Wii Sports
2,Super Mario Bros.
3,Mario Kart Wii
4,Wii Sports Resort
5,Pokemon Red/Pokemon Blue
6,Tetris
7,New Super Mario Bros.
8,Wii Play
9,New Super Mario Bros. Wii
10,Duck Hunt
11,Nintendogs
12,Mario Kart DS
13,Pokemon Gold/Pokemon Silver
14,Wii Fit
15,Wii Fit Plus
16,Kinect Adventures!
17,Grand Theft Auto V
18,Grand Theft Auto: San Andreas
19,Super Mario World
20,Brain Age: Train Your Brain in Minutes a Day
21,Pokemon Diamond/Pokemon Pearl
22,Super Mario Land
23,Super Mario Bros. 3
24,Grand Theft Auto V
25,Grand Theft Auto: Vice City
26,Pokemon Ruby/Pokemon Sapphire
27,Pokemon Black/Pokemon White
28,Brain Age 2: More Training in Minutes a Day
29,Gran Turismo 3: A-Spec
30,Call of Duty: Modern Warfare 3
31,Pokémon Yellow: Special Pikachu Edition
32,Call of Duty: Black Ops
33,Pokemon X/Pokemon Y
34,Call of Duty: Black Ops 3
35,Call of Duty: Black Ops II
36,Call of Duty: Black Ops II
37,Call of Duty: Modern Warfare 2
38,Call of Duty: Modern Warfare 3
39,Grand Theft Auto III
40,Super Smash Bros. Brawl
41,Call of Duty: Black Ops
42,Animal Crossing: Wild World
43,Mario Kart 7
44,Halo 3
45,Grand Theft Auto V
46,Pokemon HeartGold/Pokemon SoulSilver
47,Super Mario 64
48,Gran Turismo 4
49,Super Mario Galaxy
50,Pokemon Omega Ruby/Pokemon Alpha Sapphire
51,Super Mario Land 2: 6 Golden Coins
52,Grand Theft Auto IV
53,Gran Turismo
54,Super Mario 3D Land
55,Gran Turismo 5
56,Call of Duty: Modern Warfare 2
57,Grand Theft Auto IV
58,Super Mario All-Stars
59,Pokemon FireRed/Pokemon LeafGreen
60,Super Mario 64
61,Just Dance 3
62,Call of Duty: Ghosts
63,Halo: Reach
64,Mario Kart 64
65,New Super Mario Bros. 2
66,Halo 4
67,Final Fantasy VII
68,Call of Duty: Ghosts
69,Just Dance 2
70,Gran Turismo 2
71,Call of Duty 4: Modern Warfare
72,Donkey Kong Country
73,Minecraft
74,Animal Crossing: New Leaf
75,Mario Party DS
76,The Elder Scrolls V: Skyrim
77,Super Mario Kart
78,FIFA 16
79,Wii Party
80,Halo 2
81,Mario Party 8
82,Pokemon Black 2/Pokemon White 2
83,FIFA Soccer 13
84,The Sims 3
85,GoldenEye 007
86,Mario & Sonic at the Olympic Games
87,Final Fantasy X
88,Final Fantasy VIII
89,Pokémon Platinum Version
90,Pac-Man
91,Grand Theft Auto: Liberty City Stories
92,Super Mario Galaxy 2
93,Star Wars Battlefront (2015)
94,Call of Duty: Advanced Warfare
95,The Legend of Zelda: Ocarina of Time
96,Crash Bandicoot 2: Cortex Strikes Back
97,Super Mario Bros. 2
98,Super Smash Bros. for Wii U and 3DS
99,Call of Duty: World at War
100,Battlefield 3
101,The Legend of Zelda: Twilight Princess
102,Call of Duty: Black Ops 3
103,Just Dance
104,Battlefield 3
105,Need for Speed Underground
106,Tekken 3
107,Crash Bandicoot 3: Warped
108,Super Smash Bros. Melee
109,Mario Kart 8
110,Fallout 4
111,Mario Kart: Double Dash!!
112,Just Dance 4
113,FIFA 14
114,Need for Speed Underground 2
115,Medal of Honor: Frontline
116,Uncharted 3: Drake's Deception
117,Crash Bandicoot
118,Zumba Fitness
119,Gears of War 2
120,Uncharted 2: Among Thieves
121,Call of Duty 4: Modern Warfare
122,FIFA 12
123,Big Brain Academy
124,Red Dead Redemption
125,FIFA 15
126,Donkey Kong Country Returns
127,The Elder Scrolls V: Skyrim
128,The Legend of Zelda
129,Assassin's Creed III
130,Halo: Combat Evolved
131,Pokémon Emerald Version
132,Kingdom Hearts
133,Pokémon Crystal Version
134,Halo 3: ODST
135,Red Dead Redemption
136,Super Mario Sunshine
137,Street Fighter II: The World Warrior
138,World of Warcraft
139,Driver
140,Kinect Sports
141,Gears of War 3
142,Gears of War
143,Metal Gear Solid 2: Sons of Liberty
144,Sonic the Hedgehog 2
145,Metal Gear Solid 4: Guns of the Patriots
146,Metal Gear Solid
147,The Last of Us
148,Final Fantasy XII
149,LittleBigPlanet
150,Dragon Quest IX: Sentinels of the Starry Skies
151,LEGO Star Wars: The Complete Saga
152,Resident Evil 2
153,Tekken 2
154,Cooking Mama
155,Destiny
156,Tetris
157,Assassin's Creed II
158,Super Smash Bros.
159,Assassin's Creed
160,Batman: Arkham City
161,Forza Motorsport 3
162,Monster Hunter Freedom Unite
163,Super Mario Advance
164,Mario Kart: Super Circuit
165,Super Mario World
166,Pokemon Stadium
167,Call of Duty: World at War
168,Crash Bandicoot: The Wrath of Cortex
169,Minecraft
170,Final Fantasy XIII
171,Dr. Mario
172,Pokemon Pinball
173,Assassin's Creed III
174,Final Fantasy IX
175,Final Fantasy X-2
176,Donkey Kong 64
177,Assassin's Creed II
178,Professor Layton and the Curious Village
179,Tomb Raider II
180,Madden NFL 2004
181,Dragon Quest VIII: Journey of the Cursed King
182,Diablo III
183,Super Mario Bros. 3
184,New Super Mario Bros. U
185,Super Mario Land 3: Wario Land
186,FIFA Soccer 13
187,The Legend of Zelda: Phantom Hourglass
188,Donkey Kong Country 2: Diddy's Kong Quest
189,Tomodachi Life
190,Mario & Sonic at the Olympic Games
191,Medal of Honor: Rising Sun
192,Kirby's Dream Land
193,Fable III
194,Call of Duty: Advanced Warfare
195,Microsoft Flight Simulator
196,Guitar Hero II
197,Resident Evil 5
198,Grand Theft Auto V
199,Grand Theft Auto: Vice City Stories
200,FIFA Soccer 11
201,Super Mario Bros.
202,Resident Evil
203,Tony Hawk's Pro Skater
204,Super Smash Bros. for Wii U and 3DS
205,Warzone 2100
206,Spyro the Dragon
207,Link's Crossbow Training
208,Guitar Hero III: Legends of Rock
209,Fallout 3
210,Pokemon Mystery Dungeon: Explorers of Time/Explorers of Darkness
211,Uncharted: Drake's Fortune
212,Madden NFL 06
213,LEGO Star Wars: The Complete Saga
214,Diddy Kong Racing
215,Monster Hunter Freedom 3
216,Dr. Mario
217,God of War III
218,StarCraft II: Wings of Liberty
219,Assassin's Creed
220,FIFA 15
221,Crash Team Racing
222,FIFA 17
223,Batman: Arkham City
224,Driver 2
225,The Simpsons: Hit & Run
226,Tony Hawk's Pro Skater 2
227,Animal Crossing: City Folk
228,The Lord of the Rings: The Two Towers
229,Forza Motorsport 4
230,Tomb Raider
231,Guitar Hero III: Legends of Rock
232,The Legend of Zelda: A Link to the Past
233,The Legend of Zelda: The Wind Waker
234,Mario & Sonic at the Olympic Winter Games
235,Luigi's Mansion: Dark Moon
236,Splatoon
237,The Last of Us
238,Guitar Hero III: Legends of Rock
239,Madden NFL 2005
240,Pitfall!
241,Madden NFL 07
242,Spider-Man: The Movie
243,Dragon Quest VII: Warriors of Eden
244,Uncharted: The Nathan Drake Collection
245,Call of Duty: Advanced Warfare
246,God of War
247,Nintendo Land
248,Michael Jackson: The Experience
249,Tony Hawk's Pro Skater 3
250,Winning Eleven: Pro Evolution Soccer 2007
251,The Elder Scrolls IV: Oblivion
252,Zelda II: The Adventure of Link
253,Need for Speed: Most Wanted
254,Resistance: Fall of Man
255,Sonic the Hedgehog
256,Kingdom Hearts II
257,FIFA 14
258,Call of Duty: Advanced Warfare
259,Asteroids
260,Fable II
261,Halo 5: Guardians
262,Super Mario 3D World
263,Batman: Arkham Asylum
264,Assassin's Creed: Revelations
265,Namco Museum
266,Metal Gear Solid 3: Snake Eater
267,Daxter
268,Warcraft II: Tides of Darkness
269,The Legend of Zelda: Ocarina of Time
270,FIFA Soccer 06
271,EyeToy Play
272,Uncharted 4: A Thief's End
273,Gran Turismo 5 Prologue
274,Assassin's Creed: Revelations
275,Street Fighter IV
276,FIFA 12
277,Teenage Mutant Ninja Turtles
278,Excitebike
279,Frogger
280,Madden NFL 2003
281,Watch Dogs
282,Half-Life
283,Super Mario World 2: Yoshi's Island
284,FIFA Soccer 07
285,The Legend of Zelda: Skyward Sword
286,Street Fighter II Turbo
287,Carnival Games
288,Fallout 4
289,World of Warcraft: The Burning Crusade
290,Fallout: New Vegas
291,God of War II
292,Forza Motorsport 2
293,World Soccer Winning Eleven 9
294,Namco Museum Vol.3
295,Tekken Tag Tournament
296,Far Cry 4
297,Star Fox 64
298,Minecraft
299,Golf
300,Fallout 3
301,Professor Layton and the Diabolical Box
302,Left 4 Dead 2
303,Namco Museum: 50th Anniversary
304,EA Sports Active
305,Assassin's Creed: Unity
306,Donkey Kong Land
307,Tony Hawk's Underground
308,Assassin's Creed IV: Black Flag
309,Monster Hunter 4 Ultimate
310,MotorStorm
311,The Elder Scrolls V: Skyrim
312,Tekken 5
313,Dragon Warrior III
314,Sports Champions
315,NBA 2K16
316,World Soccer Winning Eleven 8 International
317,Flash Focus: Vision Training in Minutes a Day
318,Namco Museum Vol.1
319,The Legend of Zelda: Link's Awakening
320,Mario & Luigi: Bowser's Inside Story
321,Big Brain Academy: Wii Degree
322,Nintendogs + cats
323,Batman: Arkham Knight
324,Mario & Sonic at the London 2012 Olympic Games
325,LEGO Indiana Jones: The Original Adventures
326,Resident Evil Director's Cut
327,Ratchet & Clank: Size Matters
328,Just Dance 2014
329,The Sims: Unleashed
330,Super Paper Mario
331,Harry Potter and the Sorcerer's Stone
332,The Witcher 3: Wild Hunt
333,Resident Evil 3: Nemesis
334,Spyro: Year of the Dragon
335,FIFA Soccer 2005
336,Pokémon Trading Card Game
337,Battlefield 4
338,MySims
339,Friend Collection
340,Tony Hawk's Pro Skater 4
341,Midnight Club 3: DUB Edition
342,Banjo-Kazooie
343,SOCOM: U.S. Navy SEALs
344,Guitar Hero: World Tour
345,Gran Turismo 6
346,Jak and Daxter: The Precursor Legacy
347,Pokemon Snap
348,FIFA Soccer 10
349,Pro Evolution Soccer 2008
350,Call of Duty: Ghosts
351,Resident Evil 4
352,Tom Clancy's The Division
353,Star Wars: Battlefront
354,Doom II: Hell on Earth
355,The Simpsons: Road Rage
356,Cooking Mama 2: Dinner With Friends
357,Luigi's Mansion
358,Star Wars: Battlefront II
359,WWF SmackDown!
360,Croc: Legend of the Gobbos
361,Grand Theft Auto: Liberty City Stories
362,The Getaway
363,Tomb Raider III: Adventures of Lara Croft
364,James Bond 007: Agent Under Fire
365,LEGO Star Wars: The Video Game
366,Battlefield 4
367,FIFA Soccer 11
368,Rugrats in Paris: The Movie
369,Spyro 2: Ripto's Rage!
370,Left 4 Dead
371,Mario & Sonic at the Olympic Winter Games
372,Resident Evil 5
373,Donkey Kong Country 3: Dixie Kong's Double Trouble!
374,Assassin's Creed: Brotherhood
375,Kung Fu
376,Batman: Arkham Asylum
377,Clubhouse Games
378,FIFA Soccer 2004
379,Star Wars Battlefront (2015)
380,Battlefield: Bad Company 2
381,Guitar Hero: On Tour
382,Assassin's Creed: Unity
383,Far Cry 3
384,Monster Hunter 4
385,Borderlands
386,Tekken 4
387,Battlefield 4
388,LittleBigPlanet 2
389,Grand Theft Auto 2
390,Final Fantasy III
391,Spider-Man 2
392,F-1 Race
393,FIFA Soccer 2003
394,Crash Bash
395,LEGO Batman: The Videogame
396,Metal Gear Solid V: The Phantom Pain
397,The Legend of Zelda: Spirit Tracks
398,WWF War Zone
399,The Legend of Zelda: Majora's Mask
400,Professor Layton and the Unwound Future
401,Rugrats: Search For Reptar
402,Assassin's Creed IV: Black Flag
403,English Training: Have Fun Improving Your Skills!
404,James Bond 007: Nightfire
405,Ratchet & Clank
406,Mario Party 9
407,Star Wars Episode III: Revenge of the Sith
408,Max Payne
409,The Lord of the Rings: The Return of the King
410,Assassin's Creed Syndicate
411,Destiny
412,True Crime: Streets of LA
413,Wii Music
414,Gran Turismo (PSP)
415,Monster Hunter X
416,Tekken
417,FIFA 16
418,L.A. Noire
419,Madden NFL 16
420,Yokai Watch 2 Ganso/Honke
421,007: Tomorrow Never Dies
422,Baseball
423,Killer Instinct
424,WWF SmackDown! 2: Know Your Role
425,Crisis Core: Final Fantasy VII
426,God of War: Chains of Olympus
427,Dragon Quest VI: Maboroshi no Daichi
428,Dance Central
429,Enter the Matrix
430,Super Mario Maker
431,Fallout: New Vegas
432,LEGO Batman: The Videogame
433,Rhythm Heaven
434,Ace Combat 04: Shattered Skies
435,Club Penguin: Elite Penguin Force
436,Animal Crossing
437,LEGO Batman: The Videogame
438,Sonic Rush
439,Resident Evil 6
440,Halo: The Master Chief Collection
441,FIFA Soccer 08
442,Spider-Man
443,Need for Speed III: Hot Pursuit
444,Star Wars Episode I Racer
445,Personal Trainer: Cooking
446,The Elder Scrolls IV: Oblivion
447,Dragon Warrior IV
448,Heavy Rain
449,Mass Effect 2
450,FIFA 15
451,Dragon Ball Z: Budokai
452,Madden NFL 2002
453,World Class Track Meet
454,Borderlands 2
455,The Legend of Zelda: A Link Between Worlds
456,Donkey Kong
457,The Sims: Vacation
458,Mass Effect 3
459,Kung Fu Panda
460,Far Cry 3
461,Epic Mickey
462,Saints Row 2
463,Rayman
464,Killzone 2
465,Tom Clancy's Splinter Cell
466,Mike Tyson's Punch-Out!!
467,WWE SmackDown! Shut Your Mouth
468,Gears of War: Ultimate Edition
469,NBA 2K13
470,Dragon Ball Z: Budokai Tenkaichi 3
471,wwe Smackdown vs. Raw 2006
472,Middle-Earth: Shadow of Mordor
473,Star Fox
474,The Sims: Livin Large
475,World Soccer Winning Eleven 6 International
476,Devil May Cry
477,Animal Crossing: Happy Home Designer
478,Battlefield: Bad Company 2
479,The Sims 4
480,Star Wars: The Old Republic
481,Sonic Heroes
482,Kirby Super Star Ultra
483,Hitman 2: Silent Assassin
484,Street Fighter IV
485,Wave Race 64
486,SOCOM II: U.S. Navy SEALs
487,WWE SmackDown! vs. RAW 2006
488,inFAMOUS
489,Pac-Man Collection
490,Mass Effect
491,WarioWare: Smooth Moves
492,Cooking Mama: Cook Off
493,Super Mario World 2: Yoshi's Island
494,FIFA 14
495,Titanfall
496,Sonic Mega Collection Plus
497,Sega Superstars Tennis
498,World Soccer Winning Eleven 7 International
499,Need for Speed: Most Wanted
500,Hot Shots Golf 3
501,Call of Duty: Finest Hour
502,Zumba Fitness 2
503,Syphon Filter
504,Imagine: Babyz
505,Colin McRae Rally
506,Call of Duty: Ghosts
507,Madden NFL 13
508,The Elder Scrolls III: Morrowind
509,Mortal Kombat
510,F-Zero
511,Yoshi's Story
512,Command & Conquer: Red Alert
513,Skylanders: Spyro's Adventure
514,FIFA 16
515,Assassin's Creed: Brotherhood
516,BioShock
517,Madden NFL 10
518,Medal of Honor
519,WWE SmackDown! vs. Raw
520,Metroid Prime
521,Finding Nemo
522,Myst
523,Need for Speed: Hot Pursuit
524,Imagine: Fashion Designer
525,WWE SmackDown! Here Comes the Pain
526,Star Wars: The Force Unleashed
527,Yoshi's Island DS
528,Hot Shots Golf
529,Killzone 3
530,A Bug's Life
531,WWF SmackDown! Just Bring It
532,Dragon Quest V: Tenkuu no Hanayome
533,Mortal Kombat Trilogy
534,Battlefield 3
535,NBA Street
536,Professor Layton and the Last Specter
537,Monster Hunter Tri
538,Jak II
539,inFAMOUS: Second Son
540,Ratchet & Clank: Going Commando
541,Tekken 6
542,The Sims
543,Sonic and the Secret Rings
544,Saints Row: The Third
545,Missile Command
546,Mario Paint
547,Assassin's Creed IV: Black Flag
548,Pokémon Stadium 2
549,Metroid
550,L.A. Noire
551,Call of Duty 3
552,The Legend of Zelda: A Link to the Past
553,Onimusha: Warlords
554,Mortal Kombat X
555,Mario Party
556,Madden NFL 12
557,LEGO Star Wars II: The Original Trilogy
558,Madden NFL 11
559,Mario vs. Donkey Kong: Mini-Land Mayhem!
560,Skate 3
561,Burnout 3: Takedown
562,Yokai Watch 2 Shinuchi
563,Need for Speed: Shift
564,Final Fantasy XIII-2
565,Mortal Kombat
566,Call Of Duty 2: Big Red One
567,Guitar Hero: World Tour
568,Medal of Honor
569,Fable
570,Hannah Montana
571,Tom Clancy's Splinter Cell
572,Skylanders Giants
573,Medal of Honor Heroes
574,Super Mario Bros.: The Lost Levels
575,Star Wars: Shadows of the Empire
576,LEGO Star Wars: The Complete Saga
577,Midnight Club: Street Racing
578,Pac-Man: Adventures in Time
579,Halo Wars
580,God of War Collection
581,ESPN NFL 2K5
582,Mario Strikers Charged
583,Medal of Honor
584,FIFA Soccer 10
585,NBA 2K12
586,Style Savvy
587,Harry Potter and the Chamber of Secrets
588,Super Mario All-Stars: Limited Edition
589,Streets of Rage
590,FIFA Soccer 09
591,Ratchet & Clank Future: Tools of Destruction
592,NBA Live 2005
593,LittleBigPlanet
594,Killzone: Shadow Fall
595,Ghostbusters: The Video Game (DS Version)
596,Monster Hunter Freedom 2
597,WWE SmackDown vs. RAW 2007
598,Ratchet & Clank: Up Your Arsenal
599,Art Academy
600,Dragon Age: Origins
601,Madden NFL 08
602,Sonic Adventure 2 Battle
603,Dragon Warrior II
604,Madden NFL 13
605,Pokémon Colosseum
606,Deca Sports
607,Madden NFL 09
608,Space Invaders
609,Crazy Taxi
610,Perfect Dark
611,Game Party
612,Dragon Warrior
613,Tomb Raider (2013)
614,Marvel: Ultimate Alliance
615,PES 2009: Pro Evolution Soccer
616,Mario Party 2
617,Saints Row: The Third
618,Rockstar Games Double Pack: Grand Theft Auto III & Grand Theft Auto Vice City
619,LEGO Harry Potter: Years 1-4
620,Mortal Kombat: Deadly Alliance
621,Resistance 2
622,Pure
623,Tomb Raider: The Last Revelation
624,NBA 2K13
625,Rock Band
626,NBA 2K14
627,Mario Party 4
628,uDraw Studio
629,Midnight Club: Los Angeles
630,Final Fantasy V
631,Final Fantasy Tactics
632,Twisted Metal 2
633,Halo: Combat Evolved Anniversary
634,Need for Speed Carbon: Own the City
635,The Sims: Bustin' Out
636,Riven: The Sequel to Myst
637,Tom Clancy's Rainbow Six: Vegas 2
638,Sonic Adventure
639,Ice Hockey
640,pro evolution soccer 2011
641,Dragon Ball Z: Budokai 2
642,ATV Offroad Fury
643,Dino Crisis
644,Minecraft
645,Need for Speed: ProStreet
646,Madden NFL 16
647,Tetris Plus
648,Pro Wrestling
649,Theme Hospital
650,Frogger's Adventures: Temple of the Frog
651,Need for Speed (2015)
652,Zumba Fitness
653,LEGO Indiana Jones: The Original Adventures
655,Monopoly
656,Batman: Arkham Origins
657,Dead Island
658,Guitar Hero
659,LEGO Star Wars: The Complete Saga
660,Kinect: Disneyland Adventures
661,WCW/nWo Revenge
662,Bloodborne
663,NBA 2K15
664,Madden NFL 11
665,Yu-Gi-Oh! The Duelists of the Roses
666,Madden NFL 08
667,Half-Life 2
668,The Incredibles
669,Tony Hawk's Underground 2
670,Madden NFL 10
671,Kinect Sports: Season Two
672,Kirby's Dream Land 2
673,LEGO Harry Potter: Years 1-4
674,Donkey Kong Land II
675,Dragon Warrior Monsters
676,Midnight Club: Los Angeles
677,Skylanders SWAP Force
678,WWE SmackDown vs Raw 2008
679,My Fitness Coach
680,Resident Evil - Code: Veronica X
681,The Sims 3
682,The Legend of Zelda: Majora's Mask 3D
683,NBA 2K16
684,Just Dance Kids
685,Mario Tennis
686,Grand Theft Auto
687,James Bond 007: Everything or Nothing
688,WarioWare Touched!
689,Need For Speed: High Stakes
690,Chrono Trigger
691,Cool Boarders 3
692,LEGO Marvel Super Heroes
693,Guild Wars 2
694,Pokemon Ranger: Shadows of Almia
695,Dead Island
696,Tomb Raider II
697,God of War: Ascension
698,Need for Speed Underground 2
699,Pro Evolution Soccer 2010
700,Just Dance 2015
701,Yokai Watch Busters
702,Mario Bros.
703,FIFA Soccer 09
704,Star Wars: The Force Unleashed
705,Borderlands 2
706,TOCA Touring Car Championship
707,Paper Mario: Sticker Star
708,Sonic's Ultimate Genesis Collection
709,Super Monkey Ball: Banana Blitz
710,Kirby: Nightmare in Dream Land
711,Wario Land 4
712,Guitar Hero III: Legends of Rock
713,Call of Duty 3
714,Resident Evil 4
715,Minecraft
716,Onimusha 2: Samurai's Destiny
717,Cool Boarders 2
718,Paper Mario: The Thousand-Year Door
719,Madden NFL 12
720,Monster Hunter Tri
721,Dissidia: Final Fantasy
722,Sonic Advance
723,Spyro: Season of Ice
724,Teenage Mutant Ninja Turtles II: The Arcade Game
725,LEGO Indiana Jones: The Original Adventures
726,Dance Dance Revolution X2
727,New Super Luigi U
728,Prince of Persia: The Sands of Time
729,Scribblenauts
730,The Legend of Zelda: Link's Awakening DX
731,Need for Speed: Hot Pursuit
732,BioShock 2
733,Assassin's Creed IV: Black Flag
734,Devil May Cry 3: Dante's Awakening Special Edition
735,Rock Band 2
736,Frogger
737,Guitar Hero II
738,Wario Land 3
739,Pro Yakyuu Family Stadium
740,Sonic Unleashed
741,High School Musical: Makin' the Cut!
742,Pro Evolution Soccer 2012
743,Saints Row
744,Star Wars: Knights of the Old Republic
745,Kirby's Pinball Land
746,Donkey Kong Country
747,Hitman: Absolution
748,Yu-Gi-Oh: Duel Monsters 4
749,ATV Offroad Fury 2
750,Forza Motorsport 5
751,Madden NFL 25
752,Pokemon Ranger
753,Mario & Luigi: Superstar Saga
754,Final Fantasy XIII
755,Star Wars: Rogue Squadron
756,Tennis
757,The Sims: House Party
758,Your Shape featuring Jenny McCarthy
759,Syphon Filter 2
760,Tom Clancy's Rainbow Six: Siege
761,Volleyball
762,FIFA 15
763,Call of Duty: Roads to Victory
764,Super Mario RPG: Legend of the Seven Stars
765,Mahjong
766,R.C. Pro-Am
767,SimCity 2000
768,Demon Attack
769,Dance Dance Revolution Extreme
770,Tetris DS
771,Final Fantasy Tactics Advance
772,Far Cry: Primal
773,Toy Story 3: The Video Game
774,Final Fantasy III
775,Kirby's Epic Yarn
776,Project Gotham Racing
777,Golf
778,NBA 2K12
779,Borderlands
780,Tony Hawk's Pro Skater
781,PES 2009: Pro Evolution Soccer
782,Need for Speed: Hot Pursuit 2
783,Mario Sports Mix
784,Rock Band
785,Dynasty Warriors 4
786,Mortal Kombat
787,Parasite Eve
788,Scooby-Doo! Night of 100 Frights
789,Project Gotham Racing (JP weekly sales)
790,Need for Speed: Most Wanted 5-1-0
791,Portal 2
792,Devil May Cry 3: Dante's Awakening
793,Derby Stallion
794,Dead Rising
795,Finding Nemo
796,NBA 2K11
797,Wipeout: The Game
798,The Sims 2: Pets
799,Battlefield: Hardline
800,Metal Gear Solid: Peace Walker
801,World of Warcraft: Cataclysm
802,Tetris Worlds
803,Need For Speed: Undercover
804,Dance Dance Revolution: Hottest Party
805,Mario Party 5
806,Ghostbusters: The Video Game (DS Version)
807,Sim Theme Park
808,Warcraft: Orcs & Humans
809,Skate 3
810,Spec Ops: Airborne Commando
811,Kingdom Hearts: Birth by Sleep
812,UFC 2009 Undisputed
813,Dark Souls
814,Yu-Gi-Oh! The Eternal Duelist Soul
815,Need for Speed: ProStreet
816,The Sims 3
817,Tom Clancy's Splinter Cell: Conviction
818,Pokemon Mystery Dungeon: Red/Blue Rescue Team
819,The Incredibles
820,R4: Ridge Racer Type 4
821,SoulCalibur II
822,Mario & Luigi: Dream Team
823,Need for Speed: ProStreet
824,Carnival Games
825,NBA 2K14
826,Pokémon Mystery Dungeon: Blue Rescue Team
827,Sonic Mega Collection
828,Diablo III
829,NBA Jam
830,PGR4 - Project Gotham Racing 4
831,Kingdom Hearts 358/2 Days
832,Dance Central 2
833,Rayman Raving Rabbids: TV Party
834,SOCOM: U.S. Navy SEALs: Combined Assault
835,Peter Jackson's King Kong: The Official Game of the Movie
836,Donkey Kong Country
837,Need for Speed: The Run
838,Madden NFL 15
839,1080°: TenEighty Snowboarding
840,Just Dance 3
841,NBA Live 2004
842,Dead Space
843,Call of Duty 2
844,Madden NFL 15
845,Forza Horizon
846,TouchMaster
847,Tom Clancy's The Division
848,LEGO Marvel Super Heroes
849,Fire Emblem: Awakening
850,DriveClub
851,Super Street Fighter II
852,Mortal Kombat vs. DC Universe
853,Tenchu: Stealth Assassins
854,Tennis
855,Harry Potter and the Chamber of Secrets
856,Harry Potter and the Chamber of Secrets
857,SimCity
858,Battlefield 4
859,Resident Evil 6
860,Dragon Age: Inquisition
861,Sonic Classic Collection
862,Spyro: Enter the Dragonfly
863,Call of Duty: World at War
864,Devil May Cry 2
865,Burnout Paradise
866,E.T.: The Extra Terrestrial
867,BioShock Infinite
868,Hot Shots Golf: Open Tee
869,Rad Racer
870,Soccer
871,Kirby Squeak Squad
872,Tom Clancy's Rainbow Six: Vegas
873,Destiny
874,Crash Nitro Kart
875,Grand Theft Auto: San Andreas
876,Star Wars: Dark Forces
877,NBA Street Vol. 2
878,Def Jam Vendetta
879,FIFA Soccer 09
880,Who wants to be a millionaire
881,Scooby Doo and the Cyber Chase
882,Alleyway
883,Dragon Ball Z: Budokai 3
884,Jet Moto 2
885,Tom Clancy's Ghost Recon
886,X-Men Legends
887,Batman: Arkham Origins
888,Guitar Hero: World Tour
889,Mortal Kombat II
890,Virtua Fighter 2
891,Tetris DX
892,Mortal Kombat vs. DC Universe
893,Watch Dogs
894,Mario Super Sluggers
895,Tomb Raider (2013)
896,The Legend of Zelda: Oracle of Ages
897,Need for Speed: Shift
898,Monopoly
899,Red Faction
900,The Sims: Makin' Magic
901,MX Unleashed
902,PaRappa The Rapper
903,Toy Story Mania!
904,Mario Party 3
905,Star Wars: The Force Unleashed
906,Game Party 2
907,Destiny: The Taken King
908,LEGO Star Wars III: The Clone Wars
909,Star Wars Rogue Leader: Rogue Squadron II
910,Max Payne 3
911,Need for Speed Rivals
912,Madden NFL 09
913,Yokai Watch
914,Ratchet & Clank Future: A Crack in Time
915,Yu-Gi-Oh! Forbidden Memories
916,Mortal Kombat: Deception
917,Hot Shots Golf 2
918,Medal of Honor: European Assault (All Region sales)
919,WCW Nitro
920,High School Musical: Sing It!
921,Star Fox Adventures
922,FIFA 2000
923,Dynasty Warriors 3
924,Donkey Kong Country Returns
925,The Legend of Zelda: Oracle of Seasons
926,Madden NFL 06
927,Shrek 2
928,The Legend of Dragoon
929,Turok 2: Seeds of Evil
930,SingStar
931,LittleBigPlanet 3
932,NBA Live 2002
933,Phineas and Ferb
934,Chrono Cross
935,GoldenEye 007 (2010)
936,Mario Party: Island Tour
937,Jak 3
938,Rayman Raving Rabbids 2
939,Kingdom Hearts: Chain of Memories
940,Pinball
941,inFAMOUS 2
942,Gran Turismo Concept 2001 Tokyo
943,Demon's Souls
944,NCAA Football 06
945,"Hey You, Pikachu!"
946,2 Games in 1: Sonic Advance & ChuChu Rocket!
947,World of Warcraft: Mists of Pandaria
948,Jet Moto
949,Just Cause 3
950,Secret of Mana
951,The Orange Box
952,Air Combat
953,Kirby: Triple Deluxe
954,Sonic & Knuckles
955,Namco Museum
956,The Sims: Hot Date
957,Metroid Prime 3: Corruption
958,Dragon Quest VI: Realms of Revelation
959,The Evil Within
960,DDRMAX2: Dance Dance Revolution
961,Crazy Taxi
962,Virtua Fighter 4
963,Sly 2: Band of Thieves
964,Guitar Hero: World Tour
965,Sonic Advance 2
966,Madden NFL 07
967,NBA 2K11
968,NFL GameDay 2000
969,Call of Duty: Black Ops 3
970,Disney's The Lion King
971,Beyond: Two Souls
972,Kinect Star Wars
973,Midnight Club II
974,Dragon Quest Monsters: Joker
975,SpongeBob SquarePants: SuperSponge
976,The Getaway: Black Monday
977,Professor Layton and the Mask of Miracle
978,Just Cause 2
979,Dragon's Dogma
980,The Legend of Zelda: The Wind Waker
981,50 Cent: Bulletproof
982,High School Musical: Sing It!
983,Wii Party U
984,Madden NFL 25
985,Final Fantasy II
986,Kirby 64: The Crystal Shards
987,Dead or Alive 3
988,UFC 2009 Undisputed
989,Metroid II: Return of Samus
990,WWF Attitude
991,The SpongeBob SquarePants Movie
992,Golden Sun
993,Sonic the Hedgehog 3
994,Kid Icarus
995,Def Jam: Fight for NY
996,Tom Clancy's Ghost Recon
997,State of Emergency
998,BioShock Infinite
999,Hitman: Absolution
1000,2 Games in 1 Double Pack: The Incredibles / Finding Nemo: The Continuing Adventures
1001,Call of Duty: Black Ops 3
1002,The Urbz: Sims in the City
1003,FIFA Soccer 08
1004,Star Wars: Starfighter
1005,Madden NFL 2000
1006,Kingdom Hearts
1007,Star Wars: Battlefront
1008,Pro Evolution Soccer
1009,Crackdown
1010,Yoshi
1011,Disney's Aladdin
1012,Kirby's Adventure
1013,Cooking Mama 3: Shop & Chop
1014,Dance Dance Revolution X
1015,2 Games in 1: Disney Princess & The Lion King
1016,Star Wars Episode I: The Phantom Menace
1017,Xenosaga Episode I: Der Wille zur Macht
1018,Portal 2
1019,The Beatles: Rock Band
1020,Forza Motorsport 6
1021,Sonic Colors
1022,Cruis'n USA
1023,Madden NFL 99
1024,Diablo III
1025,Uncharted: Golden Abyss
1026,Destiny
1027,SSX Tricky
1028,Overwatch
1029,Twisted Metal III
1030,Harry Potter and the Sorcerer's Stone
1031,Disney Infinity
1032,Crash Bandicoot: The Huge Adventure
1033,Dishonored
1034,Rockstar Games Double Pack: Grand Theft Auto III & Grand Theft Auto Vice City
1035,The Order: 1886
1036,The Elder Scrolls Online
1037,Call of Duty: World at War Final Fronts
1038,Imagine: Teacher
1039,Call of Duty: Modern Warfare 3
1040,Madden NFL 2005
1041,Star Ocean: Till The End of Time
1042,The Sims 3: Late Night Expansion Pack
1043,Game Party 3
1044,Toy Story 2: Buzz Lightyear to the Rescue!
1045,Deal or No Deal
1046,Ace Combat 5: The Unsung War
1047,Need for Speed Underground
1048,Kanshuu Nippon Joushikiryoku Kentei Kyoukai: Imasara Hito ni wa Kikenai Otona no Joushikiryoku Training DS
1049,Tetris Worlds
1050,Cabela's Big Game Hunter 2010
1051,The Crew
1052,FIFA Soccer 10
1053,We Ski
1054,Personal Trainer: Math
1055,Kirby's Return to Dreamland
1056,Super Puyo Puyo
1057,Ben 10: Protector of Earth
1058,NCAA Football 07
1059,SOCOM 3: U.S. Navy SEALs
1060,NBA 2K15
1061,Saints Row 2
1062,Saints Row IV
1063,Jampack Winter '99
1064,Dragon Age: Origins
1065,FIFA 16
1066,WCW vs. nWo: World Tour
1067,WCW/NWO Thunder
1068,Harry Potter and the Sorcerer's Stone
1069,Need For Speed: Undercover
1070,Dragon Ball Z: The Legacy of Goku
1071,Sid Meier's Civilization V
1072,Resident Evil 4
1073,Call of Duty Black Ops: Declassified
1074,Star Wars Battlefront: Renegade Squadron
1075,World Championship Poker: Featuring Howard Lederer - All In
1076,NFL GameDay 98
1077,LEGO Batman 2: DC Super Heroes
1078,Yoshi's Cookie
1079,Time Crisis
1080,The Sims: Superstar
1081,Star Wars The Clone Wars: Lightsaber Duels
1082,MySims
1083,Metroid Fusion
1084,Shaun White Snowboarding: Road Trip
1085,SSX 3
1086,Big Beach Sports
1087,Madden NFL 2001
1088,Fight Night Round 3
1089,Knack
1090,Star Wars: Battlefront II
1091,Disney's DuckTales
1092,Tony Hawk's Pro Skater 3
1093,"Monsters, Inc."
1094,StarCraft II: Heart of the Swarm
1095,PGR: Project Gotham Racing 2
1096,Spy Hunter
1097,NCAA Football 2004
1098,SpongeBob SquarePants: Battle for Bikini Bottom
1099,Dying Light
1100,Heavenly Sword
1101,Street Fighter II': Special Champion Edition
1102,SSX
1103,Max Payne 3
1104,NBA Ballers
1105,Need for Speed Carbon
1106,NBA Live 2003
1107,Dragon Ball Z: Budokai Tenkaichi
1108,Ms. Pac-Man
1109,Mario Party 6
1110,Super Scope 6
1111,Go Vacation
1112,Dragon Quest V: Tenkuu no Hanayome
1113,Army of Two
1114,Dragon Quest IV: Chapters of the Chosen
1115,Kirby & the Amazing Mirror
1116,LEGO Pirates of the Caribbean: The Video Game
1117,Dig Dug
1118,Tom Clancy's Rainbow Six
1119,Ghosts 'n Goblins
1120,Tiger Woods PGA Tour 2003
1121,NBA Live 06 (All region sales)
1122,Prince of Persia: Warrior Within
1123,Kinectimals
1124,Until Dawn
1125,ESPN NFL 2K5
1126,Viva Pinata
1127,Pikmin
1128,Call of Duty: Black Ops
1129,Sonic Generations
1130,Tiger Woods PGA Tour 2004
1131,Ape Escape
1132,NBA 2K15
1133,NCAA Football 2005
1134,Just Cause 2
1135,Rock Band
1136,Tony Hawk's American Wasteland (Old all region sales)
1137,Rage
1138,Mario Hoops 3 on 3
1139,Kirby Air Ride
1140,Sled Storm
1141,Pokemon Battle Revolution
1142,NFL Street 2
1143,Gears of War: Judgment
1144,Baseball
1145,Yu-Gi-Oh! Duel Monsters
1146,Super Mario Strikers
1147,Buzz! The Music Quiz
1148,SpongeBob's Atlantis SquarePantis
1149,Far Cry 4
1150,Dance Dance Revolution: Hottest Party 2
1151,Moshi Monsters: Moshling Zoo
1152,Dollar Dash
1153,Far Cry 2
1154,F-1 World Grand Prix
1155,River Raid
1156,Silent Hill
1157,Dragon Quest V: Hand of the Heavenly Bride
1158,No Man's Sky
1159,Sonic Heroes
1160,ESPN NBA 2K5
1161,Diablo
1162,The Legend of Zelda: Twilight Princess
1163,Soul Edge
1164,Devil May Cry 4
1165,Mario Bros.
1166,Pro Evolution Soccer 2008
1167,SoulCalibur IV
1168,LEGO Harry Potter: Years 1-4
1169,NASCAR 2000
1170,Wolfenstein: The New Order
1171,Carnival Games: Mini Golf
1172,Guitar Hero: On Tour Decades
1173,MySims Kingdom
1174,Jampack Summer 2K
1175,Need for Speed: Most Wanted
1176,Guitar Hero 5
1177,High School Musical 3: Senior Year
1178,Kingdom Hearts 3D: Dream Drop Distance
1179,Hannah Montana: Music Jam
1180,Pokemon Mystery Dungeon: Explorers of Sky
1181,Spyro 2: Season of Flame
1182,Pro Evolution Soccer 2010
1183,NCAA Football 2002
1184,Conflict: Desert Storm
1185,Mario Party 7
1186,Pro Evolution Soccer 2013
1187,Smuggler's Run
1188,Fight Night Round 3
1189,Donkey Kong Classics
1190,Twisted Metal
1191,Dark Souls III
1192,Final Fight
1193,Dragon Quest Monsters 2
1194,Pokemon Pinball: Ruby & Sapphire
1195,LEGO Marvel Super Heroes
1196,Mafia II
1197,Dishonored
1198,Stuntman
1199,Tom Clancy's Rainbow Six 3
1200,Active Life: Outdoor Challenge
1201,BioShock 2
1202,007: The World is not Enough
1203,Spider-Man 2: Enter: Electro
1204,Watch Dogs
1205,Star Wars: The Force Unleashed II
1206,Ni no Kuni: Wrath of the White Witch
1207,Command & Conquer: Tiberian Sun
1208,LEGO Battles: Ninjago
1209,Mario Party 10
1210,Dead Rising 3
1211,Resident Evil: The Umbrella Chronicles
1212,Fire Emblem Fates
1213,Dark Cloud
1214,Warcraft III: The Frozen Throne
1215,Tom Clancy's Ghost Recon Advanced Warfighter
1216,Disney Fairies: Tinker Bell
1217,MVP Baseball 2005
1218,Die Hard Trilogy
1219,Call of Duty: Black Ops II
1220,Fight Night Round 4
1221,MySims Kingdom
1222,The Simpsons Game
1223,Mortal Kombat 3
1224,NFL GameDay 99
1225,Call of Duty: Modern Warfare: Reflex Edition
1226,FIFA 17
1227,Mario Golf: Toadstool Tour
1228,Tiger Woods 99 PGA Tour Golf
1229,Donkey Kong Country: Tropical Freeze
1230,Dead Space 2
1231,Sonic Rivals 2
1232,Knockout Kings
1233,The Simpsons Skateboarding
1234,NASCAR 98
1235,F1 Race
1236,Xevious
1237,NASCAR 99
1238,NBA Live 2000
1239,Mafia II
1240,Call of Duty 3
1241,Super Monkey Ball 2
1242,Pac-Man World 2
1243,Madden NFL 15
1244,Sonic & Sega All-Stars Racing
1245,LEGO Star Wars III: The Clone Wars
1246,Football Manager 2012
1247,Puzzle & Dragons
1248,Mega Man 2
1249,Simpsons Wrestling
1250,NBA Live 98
1251,The Simpsons Game
1252,Monopoly
1253,SoulCalibur II
1254,Resistance 3
1255,Tokyo Xtreme Racer Zero
1256,Final Fantasy XIV: A Realm Reborn
1257,NFL Blitz
1258,Red Faction II
1259,Super Scribblenauts
1260,Madden NFL 2001
1261,WWF No Mercy
1262,Ice Climber
1263,Sonic CD
1264,Ninja Hattori Kun: Ninja wa Shuugyou Degogiru no Maki
1265,Dead Rising 2
1266,Rock Band 2
1267,Pac-Man World
1268,Disney Sing It: Pop Hits
1269,Final Fantasy: Crystal Chronicles
1270,Medal of Honor: Frontline
1271,Madden NFL 09
1272,Drawn To Life: SpongeBob SquarePants Edition
1273,Banjo-Tooie
1274,Buzz! The BIG Quiz
1275,007: Quantum of Solace
1276,The Sims 3
1277,New Play Control! Mario Power Tennis
1278,Bratz: Forever Diamondz
1279,Dirge of Cerberus: Final Fantasy VII
1280,Nintendo World Cup
1281,WWF WrestleMania 2000
1282,Wario Land II
1283,Mass Effect 2
1284,Major League Baseball 2K5
1285,Fight Night 2004
1286,Tom Clancy's Splinter Cell: Pandora Tomorrow
1287,Imagine: Master Chef
1288,Assassin's Creed III: Liberation
1289,SoulCalibur IV
1290,Mario Golf
1291,Disney Princess
1292,Fight Night Round 3
1293,Metal Gear Rising: Revengeance
1294,Chrono Trigger
1295,Star Wars: The Force Unleashed II
1296,The House of the Dead 2 & 3 Return
1297,Disney Princess: Magical Jewels
1298,LittleBigPlanet PS Vita
1299,Xenogears
1300,The SpongeBob SquarePants Movie
1301,Tom Clancy's Ghost Recon: Future Soldier
1302,Battlefield: Bad Company
1303,Midway Arcade Treasures
1304,Wall-E
1305,Triple Play 99
1306,Homefront
1307,Super Monkey Ball
1308,Donkey Kong
1309,Mortal Kombat 4
1310,Mario Superstar Baseball
1311,Mass Effect 3
1312,LEGO Batman 2: DC Super Heroes
1313,Medal of Honor: Warfighter
1314,WCW vs the World
1315,SNK vs. Capcom: The Match of the Millennium
1316,LEGO City Undercover
1317,Onimusha 3: Demon Siege
1318,Diablo III
1319,Batman: Arkham Knight
1320,BioShock
1321,Red Dead Revolver
1322,Anno 2070
1323,Resident Evil: Outbreak
1324,Smarty Pants
1325,Tamagotchi
1326,4 Nin uchi Mahjong
1327,Dragon Ball Z
1328,Game de Hakken!! Tamagotchi 2
1329,Namco Museum 64
1330,Hasbro Family Game Night
1331,Dragon Quest Monsters: Joker 2
1332,Tony Hawk's American Wasteland (Weekly american sales)
1333,My Word Coach
1334,Hello Kitty Party
1335,SingStar Pop
1336,Sonic Rivals
1337,SimCity (2013)
1338,Kirby Super Star
1339,Far Cry 4
1340,WWE SmackDown vs Raw 2008
1341,Kinect Joy Ride
1342,Rayman Raving Rabbids
1343,Need for Speed Rivals
1344,Tiger Woods PGA Tour 2005
1345,Dead Space 2
1346,NCAA Football 2003
1347,Frogger 2: Swampy's Revenge
1348,Disney Infinity
1349,LEGO Indiana Jones 2: The Adventure Continues
1350,Sonic's Ultimate Genesis Collection
1351,Tiger Woods PGA Tour 09 All-Play
1352,Disney's DuckTales
1353,Classic NES Series: Super Mario Bros.
1354,Triple Play 2000
1355,Dragon Quest VII: Warriors of Eden
1356,Cabela's Big Game Hunter
1357,UFC Undisputed 2010
1358,NBA Live 06 (Weekly american sales)
1359,The Legend of Zelda: The Minish Cap
1360,NFL Street
1361,Sonic Generations
1362,Super Metroid
1363,Pro Yakyuu Family Stadium '87
1364,Dead Space
1365,Resident Evil (Remake)
1366,Inazuma Eleven 2
1367,Tomb Raider (2013)
1368,LEGO Star Wars II: The Original Trilogy
1369,Toy Story 3: The Video Game
1370,Fight Night Round 4
1371,LEGO Star Wars: The Video Game
1372,Injustice: Gods Among Us
1373,Madden NFL 15
1374,Disney's The Lion King
1375,Ridge Racer
1376,Metroid: Other M
1377,Knockout Kings 2000
1378,Gran Turismo 4 Prologue
1379,Twisted Metal: Black
1380,NASCAR 2005: Chase for the Cup
1381,Call of Duty: Black Ops
1382,Spider-Man: The Movie
1383,Need For Speed: Undercover
1384,2Xtreme
1385,Far Cry 2
1386,Sonic Advance 3
1387,Final Fantasy III
1388,Battlefield 4
1389,Colin McRae Rally 3
1390,Madden NFL 2002
1391,Doom (2016)
1392,Final Fantasy XII: Revenant Wings
1393,Bakugan: Battle Brawlers
1394,Deus Ex: Human Revolution
1395,NBA Jam
1396,Teenage Mutant Ninja Turtles III: The Manhattan Project
1397,Dynasty Warriors 5
1398,Hannah Montana: Spotlight World Tour
1399,WWE '13
1400,Deus Ex: Human Revolution
1401,True Crime: Streets of LA
1402,The Sims 2
1403,Paper Mario
1404,Bravely Default: Flying Fairy
1405,Titanfall
1406,Duke Nukem: Time to Kill
1407,Persona 4: Golden
1408,Dead Rising 2
1409,Hasbro Family Game Night 2
1410,Disney Princess: Enchanted Journey
1411,Gardening Mama
1412,Dave Mirra Freestyle BMX 2
1413,Need for Speed: The Run
1414,LEGO Indiana Jones: The Original Adventures
1415,Assassin's Creed: Rogue
1416,Ridge Racer 7
1417,A Collection of Activision Classic Games for the Atari 2600
1418,Forza Horizon 2
1419,MotorStorm: Pacific Rift
1420,Sonic Colors
1421,Star Wars Knights of the Old Republic II: The Sith Lords
1422,LEGO Harry Potter: Years 1-4
1423,Pocket Monsters Stadium
1424,NBA 2K15
1425,Tom Clancy's Ghost Recon 2
1426,Crash Bandicoot 2: N-Tranced
1427,Burnout Paradise
1428,SingStar Abba
1429,Gradius
1430,Dragon Quest III: Soshite Densetsu e...
1431,Centipede
1432,Yoshi's New Island
1433,Ryse: Son of Rome
1434,Dead to Rights
1435,LEGO Harry Potter: Years 5-7
1436,Marvel vs. Capcom 3: Fate of Two Worlds
1437,Dance Dance Revolution (Japan)
1438,F1 2010
1439,Madden NFL 98
1440,FIFA Soccer 09
1441,Namco Museum DS
1442,FIFA Soccer 08
1443,Grand Theft Auto: Chinatown Wars
1444,Alan Wake
1445,Battlefield: Bad Company
1446,Mortal Kombat X
1447,Samurai Warriors
1448,The Simpsons: Hit & Run
1449,Devil May Cry 4
1450,Tom Clancy's Rainbow Six: Vegas 2
1451,Monster Hunter Freedom
1452,Crysis 2
1453,SaGa Frontier
1454,SingStar Party
1455,FIFA Soccer 08
1456,The ICO & Shadow of the Colossus Collection
1457,Test Drive
1458,Mario & Luigi: Partners in Time
1459,Lost Planet: Extreme Condition
1460,Mortal Kombat 3
1461,Doom 3
1462,Donkey Kong Jungle Beat
1463,Need for Speed Carbon
1464,Max Payne 2: The Fall of Max Payne
1465,Command & Conquer: Red Alert 2
1466,MVP Baseball 2004
1467,WWE SmackDown vs Raw 2008
1468,Ratchet & Clank: Up Your Arsenal (Weekly american sales)
1469,Your Shape: Fitness Evolved
1470,Rage
1471,Skylanders SWAP Force
1472,NBA 2K14
1473,Spider-Man: The Movie
1474,WWF War Zone
1475,Tony Hawk's Pro Skater
1476,The Sims: Bustin' Out
1477,Triple Play 2001
1478,Metroid Prime 2: Echoes
1479,UFC Undisputed 2010
1480,Final Fantasy X / X-2 HD Remaster
1481,Corvette
1482,Petz Wild Animals: Dolphinz
1483,Pokemon Ranger: Guardian Signs
1484,Middle-Earth: Shadow of Mordor
1485,Need for Speed Underground Rivals
1486,LEGO Batman: The Videogame
1487,Dark Souls II
1488,World of Warcraft: Wrath of the Lich King
1489,Kingdom Hearts II
1490,The LEGO Movie Videogame
1491,TOCA 2: Touring Cars
1492,Gyromite
1493,NFL 2K3
1494,Fighting Force
1495,Mega Man Battle Network 4: Red Sun / Blue Moon
1496,MAG: Massive Action Game
1497,Madden NFL 97
1498,Cars 2
1499,Skylanders Giants
1500,LEGO Batman: The Videogame
1501,TNN Motor Sports Hardcore 4x4
